batch_id,product_id,warehouse_id,manufacture_date,expiry_date,purchase_date,quantity_received
BT00001,P001,W01,2025-07-30,2027-07-30,2025-10-01,1610
BT00002,P001,W01,2025-10-01,2027-10-01,2025-11-07,1760
BT00003,P001,W01,2025-11-17,2027-11-17,2025-12-17,1760
BT00004,P001,W01,2025-10-27,2027-10-27,2026-01-27,1760
BT00005,P001,W01,2025-12-01,2027-12-01,2026-03-13,1760
BT00006,P001,W01,2026-02-07,2028-02-07,2026-05-01,1760
BT00007,P001,W01,2026-05-10,2028-05-09,2026-06-15,1760
BT00008,P001,W01,2026-06-08,2028-06-07,2026-08-08,1760
BT00009,P001,W01,2026-07-25,2028-07-24,2026-09-05,1760
BT00010,P001,W01,2026-07-20,2028-07-19,2026-09-25,1760
BT00011,P001,W02,2025-08-03,2027-08-03,2025-10-01,1870
BT00012,P001,W02,2025-09-13,2027-09-13,2025-11-07,1920
BT00013,P001,W02,2025-11-02,2027-11-02,2025-12-17,1920
BT00014,P001,W02,2025-10-17,2027-10-17,2026-01-28,1920
BT00015,P001,W02,2025-12-07,2027-12-07,2026-03-11,1920
BT00016,P001,W02,2026-01-18,2028-01-18,2026-04-29,1920
BT00017,P001,W02,2026-05-30,2028-05-29,2026-06-29,1920
BT00018,P001,W02,2026-04-25,2028-04-24,2026-08-05,1920
BT00019,P001,W02,2026-07-07,2028-07-06,2026-08-23,1920
BT00020,P001,W02,2026-07-19,2028-07-18,2026-09-10,1920
BT00021,P001,W02,2026-06-22,2028-06-21,2026-09-30,1920
BT00022,P001,W03,2025-06-29,2027-06-29,2025-10-01,1400
BT00023,P001,W03,2025-07-12,2027-07-12,2025-11-03,1530
BT00024,P001,W03,2025-10-15,2027-10-15,2025-12-19,1530
BT00025,P001,W03,2025-11-05,2027-11-05,2026-01-31,1530
BT00026,P001,W03,2026-01-28,2028-01-28,2026-03-16,1530
BT00027,P001,W03,2026-04-02,2028-04-01,2026-05-03,1530
BT00028,P001,W03,2026-04-14,2028-04-13,2026-06-18,1530
BT00029,P001,W03,2026-05-01,2028-04-30,2026-07-31,1530
BT00030,P001,W03,2026-05-04,2028-05-03,2026-08-22,1530
BT00031,P001,W03,2026-07-26,2028-07-25,2026-09-16,1530
BT00032,P001,W04,2025-06-21,2027-06-21,2025-10-01,1270
BT00033,P001,W04,2025-09-25,2027-09-25,2025-11-23,870
BT00034,P001,W04,2025-08-31,2027-08-31,2025-12-22,870
BT00035,P001,W04,2025-11-27,2027-11-27,2026-01-21,870
BT00036,P001,W04,2025-10-30,2027-10-30,2026-02-17,870
BT00037,P001,W04,2026-01-01,2028-01-01,2026-03-21,870
BT00038,P001,W04,2026-02-12,2028-02-12,2026-04-23,870
BT00039,P001,W04,2026-02-22,2028-02-22,2026-05-27,870
BT00040,P001,W04,2026-03-10,2028-03-09,2026-07-04,870
BT00041,P001,W04,2026-05-17,2028-05-16,2026-07-31,870
BT00042,P001,W04,2026-05-24,2028-05-23,2026-08-22,870
BT00043,P001,W04,2026-07-07,2028-07-06,2026-09-21,870
BT00044,P002,W01,2025-06-15,2027-06-15,2025-10-01,780
BT00045,P002,W01,2025-09-03,2027-09-03,2025-11-04,940
BT00046,P002,W01,2025-09-24,2027-09-24,2025-12-12,940
BT00047,P002,W01,2025-10-20,2027-10-20,2026-01-22,940
BT00048,P002,W01,2025-12-14,2027-12-14,2026-03-02,940
BT00049,P002,W01,2026-03-16,2028-03-15,2026-04-15,940
BT00050,P002,W01,2026-02-12,2028-02-12,2026-06-01,940
BT00051,P002,W01,2026-04-07,2028-04-06,2026-07-26,940
BT00052,P002,W01,2026-05-22,2028-05-21,2026-09-15,940
BT00053,P002,W02,2025-07-22,2027-07-22,2025-10-01,910
BT00054,P002,W02,2025-09-16,2027-09-16,2025-11-08,1020
BT00055,P002,W02,2025-08-30,2027-08-30,2025-12-12,1020
BT00056,P002,W02,2025-11-14,2027-11-14,2026-01-11,1020
BT00057,P002,W02,2025-12-27,2027-12-27,2026-02-18,1020
BT00058,P002,W02,2026-01-22,2028-01-22,2026-03-28,1020
BT00059,P002,W02,2026-04-11,2028-04-10,2026-05-18,1020
BT00060,P002,W02,2026-04-13,2028-04-12,2026-07-14,1020
BT00061,P002,W02,2026-05-03,2028-05-02,2026-08-31,1020
BT00062,P002,W03,2025-06-04,2027-06-04,2025-10-01,740
BT00063,P002,W03,2025-10-05,2027-10-05,2025-11-05,810
BT00064,P002,W03,2025-11-13,2027-11-13,2025-12-14,810
BT00065,P002,W03,2025-10-27,2027-10-27,2026-01-19,810
BT00066,P002,W03,2025-11-09,2027-11-09,2026-02-21,810
BT00067,P002,W03,2025-12-30,2027-12-30,2026-03-28,810
BT00068,P002,W03,2026-03-16,2028-03-15,2026-05-15,810
BT00069,P002,W03,2026-03-29,2028-03-28,2026-07-13,810
BT00070,P002,W03,2026-07-01,2028-06-30,2026-08-30,810
BT00071,P002,W04,2025-08-08,2027-08-08,2025-10-01,570
BT00072,P002,W04,2025-07-06,2027-07-06,2025-11-02,460
BT00073,P002,W04,2025-09-11,2027-09-11,2025-12-01,460
BT00074,P002,W04,2025-10-28,2027-10-28,2025-12-24,460
BT00075,P002,W04,2025-11-29,2027-11-29,2026-01-27,460
BT00076,P002,W04,2025-11-12,2027-11-12,2026-02-25,460
BT00077,P002,W04,2026-01-25,2028-01-25,2026-03-25,460
BT00078,P002,W04,2026-02-25,2028-02-25,2026-04-26,460
BT00079,P002,W04,2026-04-09,2028-04-08,2026-05-30,460
BT00080,P002,W04,2026-04-01,2028-03-31,2026-07-04,460
BT00081,P002,W04,2026-06-06,2028-06-05,2026-08-10,460
BT00082,P002,W04,2026-06-09,2028-06-08,2026-09-12,460
BT00083,P003,W01,2025-08-29,2026-05-26,2025-10-01,600
BT00084,P003,W01,2025-07-10,2026-04-06,2025-11-03,1300
BT00085,P003,W01,2025-12-11,2026-09-07,2026-01-12,1300
BT00086,P003,W01,2026-02-11,2026-11-08,2026-03-17,1300
BT00087,P003,W01,2026-05-06,2027-01-31,2026-06-17,1300
BT00088,P003,W01,2026-07-17,2027-04-13,2026-09-27,1300
BT00089,P003,W02,2025-06-09,2026-03-06,2025-10-01,670
BT00090,P003,W02,2025-08-14,2026-05-11,2025-11-05,1300
BT00091,P003,W02,2025-09-29,2026-06-26,2026-01-03,1300
BT00092,P003,W02,2026-01-13,2026-10-10,2026-03-05,1300
BT00093,P003,W02,2026-04-09,2027-01-04,2026-05-23,1300
BT00094,P003,W02,2026-05-05,2027-01-30,2026-08-24,1300
BT00095,P003,W03,2025-08-07,2026-05-04,2025-10-01,520
BT00096,P003,W03,2025-10-01,2026-06-28,2025-11-04,1300
BT00097,P003,W03,2025-11-09,2026-08-06,2026-01-19,1300
BT00098,P003,W03,2026-03-04,2026-11-29,2026-04-17,1300
BT00099,P003,W03,2026-06-15,2027-03-12,2026-08-22,1300
BT00100,P003,W04,2025-08-11,2026-05-08,2025-10-01,450
BT00101,P003,W04,2025-09-06,2026-06-03,2025-11-09,1300
BT00102,P003,W04,2025-10-18,2026-07-15,2026-02-15,1300
BT00103,P003,W04,2026-04-02,2026-12-28,2026-06-21,1300
BT00104,P004,W01,2025-06-08,2026-02-03,2025-10-01,370
BT00105,P004,W01,2025-07-02,2026-02-27,2025-10-27,1500
BT00106,P004,W01,2025-12-21,2026-08-18,2026-02-04,1500
BT00107,P004,W01,2026-02-12,2026-10-10,2026-06-06,1500
BT00108,P004,W02,2025-07-31,2026-03-28,2025-10-01,490
BT00109,P004,W02,2025-07-23,2026-03-20,2025-11-02,1500
BT00110,P004,W02,2025-11-04,2026-07-02,2026-02-02,1500
BT00111,P004,W02,2026-02-23,2026-10-21,2026-05-27,1500
BT00112,P004,W03,2025-08-28,2026-04-25,2025-10-01,450
BT00113,P004,W03,2025-08-15,2026-04-12,2025-11-06,1500
BT00114,P004,W03,2025-11-08,2026-07-06,2026-03-03,1500
BT00115,P004,W03,2026-04-15,2026-12-11,2026-07-19,1500
BT00116,P004,W04,2025-08-03,2026-03-31,2025-10-01,290
BT00117,P004,W04,2025-08-13,2026-04-10,2025-11-07,1500
BT00118,P004,W04,2025-12-27,2026-08-24,2026-03-28,1500
BT00119,P004,W04,2026-06-12,2027-02-07,2026-09-11,1500
BT00120,P005,W01,2025-08-06,2027-01-28,2025-10-01,700
BT00121,P005,W01,2025-08-15,2027-02-06,2025-11-07,780
BT00122,P005,W01,2025-10-27,2027-04-20,2026-01-12,780
BT00123,P005,W01,2025-11-15,2027-05-09,2026-02-24,780
BT00124,P005,W01,2026-01-04,2027-06-28,2026-04-13,780
BT00125,P005,W01,2026-02-06,2027-07-31,2026-05-17,780
BT00126,P005,W01,2026-05-09,2027-10-31,2026-06-19,780
BT00127,P005,W01,2026-06-06,2027-11-28,2026-07-28,780
BT00128,P005,W01,2026-05-29,2027-11-20,2026-09-16,780
BT00129,P005,W02,2025-07-05,2026-12-27,2025-10-01,650
BT00130,P005,W02,2025-09-03,2027-02-25,2025-11-02,850
BT00131,P005,W02,2025-10-15,2027-04-08,2025-12-29,850
BT00132,P005,W02,2026-01-26,2027-07-20,2026-02-27,850
BT00133,P005,W02,2026-02-11,2027-08-05,2026-04-17,850
BT00134,P005,W02,2026-03-19,2027-09-10,2026-05-25,850
BT00135,P005,W02,2026-03-06,2027-08-28,2026-06-27,850
BT00136,P005,W02,2026-06-27,2027-12-19,2026-08-01,850
BT00137,P005,W02,2026-06-11,2027-12-03,2026-09-18,850
BT00138,P005,W03,2025-08-14,2027-02-05,2025-10-01,660
BT00139,P005,W03,2025-08-25,2027-02-16,2025-11-12,680
BT00140,P005,W03,2025-10-30,2027-04-23,2026-01-14,680
BT00141,P005,W03,2025-11-30,2027-05-24,2026-03-09,680
BT00142,P005,W03,2026-02-06,2027-07-31,2026-04-23,680
BT00143,P005,W03,2026-04-19,2027-10-11,2026-05-27,680
BT00144,P005,W03,2026-04-11,2027-10-03,2026-07-06,680
BT00145,P005,W03,2026-06-12,2027-12-04,2026-08-15,680
BT00146,P005,W04,2025-07-15,2027-01-06,2025-10-01,390
BT00147,P005,W04,2025-09-08,2027-03-02,2025-11-05,390
BT00148,P005,W04,2025-10-28,2027-04-21,2025-12-11,390
BT00149,P005,W04,2025-10-23,2027-04-16,2026-01-24,390
BT00150,P005,W04,2025-11-28,2027-05-22,2026-03-08,390
BT00151,P005,W04,2026-02-27,2027-08-21,2026-04-11,390
BT00152,P005,W04,2026-02-15,2027-08-09,2026-05-11,390
BT00153,P005,W04,2026-04-11,2027-10-03,2026-06-08,390
BT00154,P005,W04,2026-03-22,2027-09-13,2026-07-04,390
BT00155,P005,W04,2026-05-24,2027-11-15,2026-08-12,390
BT00156,P005,W04,2026-06-09,2027-12-01,2026-09-11,390
BT00157,P006,W01,2025-07-19,2026-07-19,2025-10-01,140
BT00158,P006,W01,2025-08-18,2026-08-18,2025-11-06,400
BT00159,P006,W01,2025-11-07,2026-11-07,2025-12-30,1510
BT00160,P006,W02,2025-06-05,2026-06-05,2025-10-01,160
BT00161,P006,W02,2025-08-31,2026-08-31,2025-11-12,400
BT00162,P006,W02,2025-12-11,2026-12-11,2026-02-11,1340
BT00163,P006,W03,2025-07-04,2026-07-04,2025-10-01,100
BT00164,P006,W03,2025-09-13,2026-09-13,2025-10-29,400
BT00165,P006,W03,2025-11-13,2026-11-13,2026-02-04,1130
BT00166,P006,W04,2025-06-12,2026-06-12,2025-10-01,80
BT00167,P006,W04,2025-10-02,2026-10-02,2025-11-10,400
BT00168,P006,W04,2025-11-17,2026-11-17,2026-02-10,960
BT00169,P007,W01,2025-07-01,2027-07-01,2025-10-01,700
BT00170,P007,W01,2025-09-27,2027-09-27,2025-11-02,780
BT00171,P007,W01,2025-10-14,2027-10-14,2025-12-11,780
BT00172,P007,W01,2025-11-10,2027-11-10,2026-01-13,780
BT00173,P007,W01,2025-11-12,2027-11-12,2026-02-13,780
BT00174,P007,W01,2025-12-14,2027-12-14,2026-03-24,780
BT00175,P007,W01,2026-02-27,2028-02-27,2026-05-15,780
BT00176,P007,W01,2026-05-02,2028-05-01,2026-07-02,780
BT00177,P007,W01,2026-06-19,2028-06-18,2026-08-24,780
BT00178,P007,W02,2025-06-13,2027-06-13,2025-10-01,730
BT00179,P007,W02,2025-09-30,2027-09-30,2025-10-30,850
BT00180,P007,W02,2025-08-24,2027-08-24,2025-12-07,850
BT00181,P007,W02,2025-10-01,2027-10-01,2026-01-06,850
BT00182,P007,W02,2025-12-16,2027-12-16,2026-02-13,850
BT00183,P007,W02,2026-02-21,2028-02-21,2026-03-23,850
BT00184,P007,W02,2026-02-05,2028-02-05,2026-05-12,850
BT00185,P007,W02,2026-04-04,2028-04-03,2026-07-04,850
BT00186,P007,W02,2026-06-11,2028-06-10,2026-09-01,850
BT00187,P007,W03,2025-08-20,2027-08-20,2025-10-01,620
BT00188,P007,W03,2025-08-13,2027-08-13,2025-11-04,680
BT00189,P007,W03,2025-11-13,2027-11-13,2025-12-16,680
BT00190,P007,W03,2025-11-12,2027-11-12,2026-01-16,680
BT00191,P007,W03,2026-01-20,2028-01-20,2026-02-19,680
BT00192,P007,W03,2026-02-10,2028-02-10,2026-03-30,680
BT00193,P007,W03,2026-02-16,2028-02-16,2026-05-22,680
BT00194,P007,W03,2026-04-29,2028-04-28,2026-07-30,680
BT00195,P007,W03,2026-05-19,2028-05-18,2026-09-09,680
BT00196,P007,W04,2025-08-02,2027-08-02,2025-10-01,550
BT00197,P007,W04,2025-08-01,2027-08-01,2025-11-23,390
BT00198,P007,W04,2025-11-09,2027-11-09,2025-12-25,390
BT00199,P007,W04,2025-12-16,2027-12-16,2026-01-20,390
BT00200,P007,W04,2026-01-19,2028-01-19,2026-02-25,390
BT00201,P007,W04,2026-01-25,2028-01-25,2026-03-30,390
BT00202,P007,W04,2026-03-08,2028-03-07,2026-05-03,390
BT00203,P007,W04,2026-04-01,2028-03-31,2026-06-08,390
BT00204,P007,W04,2026-04-30,2028-04-29,2026-07-16,390
BT00205,P007,W04,2026-07-14,2028-07-13,2026-09-02,390
BT00206,P008,W01,2025-07-09,2027-07-09,2025-10-01,370
BT00207,P008,W01,2025-09-26,2027-09-26,2025-11-06,520
BT00208,P008,W01,2025-09-20,2027-09-20,2025-12-12,520
BT00209,P008,W01,2025-09-29,2027-09-29,2026-01-17,520
BT00210,P008,W01,2025-12-02,2027-12-02,2026-02-17,520
BT00211,P008,W01,2025-12-18,2027-12-18,2026-03-30,520
BT00212,P008,W01,2026-02-15,2028-02-15,2026-05-19,520
BT00213,P008,W01,2026-06-13,2028-06-12,2026-07-19,520
BT00214,P008,W01,2026-06-25,2028-06-24,2026-09-07,520
BT00215,P008,W02,2025-07-22,2027-07-22,2025-10-01,490
BT00216,P008,W02,2025-09-22,2027-09-22,2025-10-31,570
BT00217,P008,W02,2025-08-31,2027-08-31,2025-12-10,570
BT00218,P008,W02,2025-11-27,2027-11-27,2026-01-13,570
BT00219,P008,W02,2025-12-20,2027-12-20,2026-02-17,570
BT00220,P008,W02,2025-12-12,2027-12-12,2026-03-23,570
BT00221,P008,W02,2026-02-20,2028-02-20,2026-05-09,570
BT00222,P008,W02,2026-04-05,2028-04-04,2026-06-30,570
BT00223,P008,W02,2026-05-26,2028-05-25,2026-08-26,570
BT00224,P008,W03,2025-08-23,2027-08-23,2025-10-01,330
BT00225,P008,W03,2025-07-08,2027-07-08,2025-10-26,450
BT00226,P008,W03,2025-10-08,2027-10-08,2025-12-05,450
BT00227,P008,W03,2025-10-11,2027-10-11,2026-01-06,450
BT00228,P008,W03,2025-11-01,2027-11-01,2026-02-11,450
BT00229,P008,W03,2025-12-08,2027-12-08,2026-03-19,450
BT00230,P008,W03,2026-03-05,2028-03-04,2026-05-06,450
BT00231,P008,W03,2026-03-13,2028-03-12,2026-06-27,450
BT00232,P008,W03,2026-06-07,2028-06-06,2026-08-23,450
BT00233,P008,W04,2025-06-18,2027-06-18,2025-10-01,300
BT00234,P008,W04,2025-10-17,2027-10-17,2025-11-17,260
BT00235,P008,W04,2025-09-21,2027-09-21,2025-12-19,260
BT00236,P008,W04,2025-11-26,2027-11-26,2026-01-14,260
BT00237,P008,W04,2025-11-14,2027-11-14,2026-02-13,260
BT00238,P008,W04,2026-01-04,2028-01-04,2026-03-15,260
BT00239,P008,W04,2026-01-30,2028-01-30,2026-04-17,260
BT00240,P008,W04,2026-03-14,2028-03-13,2026-06-01,260
BT00241,P008,W04,2026-04-23,2028-04-22,2026-07-05,260
BT00242,P008,W04,2026-07-15,2028-07-14,2026-08-15,260
BT00243,P008,W04,2026-07-20,2028-07-19,2026-09-16,260
BT00244,P009,W01,2025-06-17,2027-06-17,2025-10-01,1440
BT00245,P009,W01,2025-08-25,2027-08-25,2025-11-11,1450
BT00246,P009,W01,2025-09-08,2027-09-08,2025-12-30,1450
BT00247,P009,W01,2025-11-21,2027-11-21,2026-02-15,1450
BT00248,P009,W01,2025-12-26,2027-12-26,2026-03-31,1450
BT00249,P009,W01,2026-04-01,2028-03-31,2026-05-17,1450
BT00250,P009,W01,2026-05-04,2028-05-03,2026-07-01,1450
BT00251,P009,W01,2026-05-20,2028-05-19,2026-08-18,1450
BT00252,P009,W02,2025-06-21,2027-06-21,2025-10-01,1470
BT00253,P009,W02,2025-07-18,2027-07-18,2025-11-08,1580
BT00254,P009,W02,2025-11-23,2027-11-23,2025-12-27,1580
BT00255,P009,W02,2025-11-14,2027-11-14,2026-02-13,1580
BT00256,P009,W02,2026-01-02,2028-01-02,2026-04-11,1580
BT00257,P009,W02,2026-04-06,2028-04-05,2026-05-21,1580
BT00258,P009,W02,2026-05-07,2028-05-06,2026-07-03,1580
BT00259,P009,W02,2026-05-01,2028-04-30,2026-08-22,1580
BT00260,P009,W03,2025-08-25,2027-08-25,2025-10-01,1090
BT00261,P009,W03,2025-08-31,2027-08-31,2025-11-06,1260
BT00262,P009,W03,2025-09-23,2027-09-23,2025-12-24,1260
BT00263,P009,W03,2025-12-09,2027-12-09,2026-02-08,1260
BT00264,P009,W03,2026-02-18,2028-02-18,2026-03-25,1260
BT00265,P009,W03,2026-03-31,2028-03-30,2026-05-12,1260
BT00266,P009,W03,2026-05-15,2028-05-14,2026-07-01,1260
BT00267,P009,W03,2026-07-03,2028-07-02,2026-08-16,1260
BT00268,P009,W04,2025-07-26,2027-07-26,2025-10-01,950
BT00269,P009,W04,2025-10-07,2027-10-07,2025-11-14,720
BT00270,P009,W04,2025-10-17,2027-10-17,2025-12-21,720
BT00271,P009,W04,2025-11-28,2027-11-28,2026-01-27,720
BT00272,P009,W04,2025-11-01,2027-11-01,2026-02-28,720
BT00273,P009,W04,2025-12-29,2027-12-29,2026-04-02,720
BT00274,P009,W04,2026-02-24,2028-02-24,2026-05-03,720
BT00275,P009,W04,2026-03-10,2028-03-09,2026-06-15,720
BT00276,P009,W04,2026-05-02,2028-05-01,2026-07-18,720
BT00277,P009,W04,2026-07-02,2028-07-01,2026-08-20,720
BT00278,P010,W01,2025-06-23,2027-06-23,2025-10-01,850
BT00279,P010,W01,2025-08-21,2027-08-21,2025-10-30,1140
BT00280,P010,W01,2025-11-07,2027-11-07,2025-12-16,1140
BT00281,P010,W01,2025-12-08,2027-12-08,2026-02-04,1140
BT00282,P010,W01,2025-12-18,2027-12-18,2026-03-21,1140
BT00283,P010,W01,2026-02-24,2028-02-24,2026-05-05,1140
BT00284,P010,W01,2026-05-15,2028-05-14,2026-06-20,1140
BT00285,P010,W01,2026-06-10,2028-06-09,2026-08-03,1140
BT00286,P010,W01,2026-07-29,2028-07-28,2026-09-19,1140
BT00287,P010,W02,2025-06-09,2027-06-09,2025-10-01,980
BT00288,P010,W02,2025-07-19,2027-07-19,2025-10-30,1240
BT00289,P010,W02,2025-08-23,2027-08-23,2025-12-21,1240
BT00290,P010,W02,2025-12-05,2027-12-05,2026-02-05,1240
BT00291,P010,W02,2025-12-12,2027-12-12,2026-04-06,1240
BT00292,P010,W02,2026-02-23,2028-02-23,2026-05-14,1240
BT00293,P010,W02,2026-06-10,2028-06-09,2026-07-11,1240
BT00294,P010,W02,2026-06-25,2028-06-24,2026-08-21,1240
BT00295,P010,W03,2025-06-06,2027-06-06,2025-10-01,790
BT00296,P010,W03,2025-07-07,2027-07-07,2025-11-03,990
BT00297,P010,W03,2025-08-25,2027-08-25,2025-12-22,990
BT00298,P010,W03,2025-11-18,2027-11-18,2026-02-06,990
BT00299,P010,W03,2025-11-28,2027-11-28,2026-03-27,990
BT00300,P010,W03,2026-03-16,2028-03-15,2026-05-11,990
BT00301,P010,W03,2026-04-25,2028-04-24,2026-06-22,990
BT00302,P010,W03,2026-04-13,2028-04-12,2026-08-07,990
BT00303,P010,W04,2025-06-20,2027-06-20,2025-10-01,740
BT00304,P010,W04,2025-08-15,2027-08-15,2025-11-25,570
BT00305,P010,W04,2025-09-03,2027-09-03,2025-12-30,570
BT00306,P010,W04,2025-11-11,2027-11-11,2026-02-09,570
BT00307,P010,W04,2025-11-24,2027-11-24,2026-03-13,570
BT00308,P010,W04,2026-02-20,2028-02-20,2026-04-14,570
BT00309,P010,W04,2026-02-10,2028-02-10,2026-05-14,570
BT00310,P010,W04,2026-04-18,2028-04-17,2026-06-30,570
BT00311,P010,W04,2026-06-03,2028-06-02,2026-08-11,570
BT00312,P010,W04,2026-06-09,2028-06-08,2026-09-15,570
BT00313,P011,W01,2025-06-21,2027-06-21,2025-10-01,830
BT00314,P011,W01,2025-08-18,2027-08-18,2025-11-07,880
BT00315,P011,W01,2025-10-13,2027-10-13,2025-12-27,880
BT00316,P011,W01,2025-11-20,2027-11-20,2026-02-12,880
BT00317,P011,W01,2026-01-07,2028-01-07,2026-04-04,880
BT00318,P011,W01,2026-01-28,2028-01-28,2026-05-23,880
BT00319,P011,W01,2026-05-22,2028-05-21,2026-07-06,880
BT00320,P011,W01,2026-05-28,2028-05-27,2026-08-23,880
BT00321,P011,W02,2025-06-23,2027-06-23,2025-10-01,840
BT00322,P011,W02,2025-09-26,2027-09-26,2025-11-03,960
BT00323,P011,W02,2025-11-11,2027-11-11,2025-12-25,960
BT00324,P011,W02,2025-11-23,2027-11-23,2026-02-14,960
BT00325,P011,W02,2026-02-14,2028-02-14,2026-03-26,960
BT00326,P011,W02,2026-01-20,2028-01-20,2026-05-14,960
BT00327,P011,W02,2026-04-19,2028-04-18,2026-07-01,960
BT00328,P011,W02,2026-06-17,2028-06-16,2026-08-17,960
BT00329,P011,W03,2025-06-14,2027-06-14,2025-10-01,620
BT00330,P011,W03,2025-07-07,2027-07-07,2025-11-02,770
BT00331,P011,W03,2025-10-09,2027-10-09,2025-12-25,770
BT00332,P011,W03,2025-12-04,2027-12-04,2026-02-11,770
BT00333,P011,W03,2026-01-14,2028-01-14,2026-03-29,770
BT00334,P011,W03,2026-02-08,2028-02-08,2026-05-12,770
BT00335,P011,W03,2026-03-19,2028-03-18,2026-06-28,770
BT00336,P011,W03,2026-06-28,2028-06-27,2026-08-14,770
BT00337,P011,W03,2026-07-23,2028-07-22,2026-09-23,770
BT00338,P011,W04,2025-08-01,2027-08-01,2025-10-01,590
BT00339,P011,W04,2025-08-05,2027-08-05,2025-11-28,440
BT00340,P011,W04,2025-11-04,2027-11-04,2026-01-01,440
BT00341,P011,W04,2025-10-20,2027-10-20,2026-02-07,440
BT00342,P011,W04,2026-01-10,2028-01-10,2026-03-13,440
BT00343,P011,W04,2025-12-26,2027-12-26,2026-04-15,440
BT00344,P011,W04,2026-01-21,2028-01-21,2026-05-20,440
BT00345,P011,W04,2026-03-04,2028-03-03,2026-06-21,440
BT00346,P011,W04,2026-04-18,2028-04-17,2026-08-06,440
BT00347,P011,W04,2026-05-10,2028-05-09,2026-09-07,440
BT00348,P012,W01,2025-06-08,2027-06-08,2025-10-01,930
BT00349,P012,W01,2025-08-12,2027-08-12,2025-11-05,1040
BT00350,P012,W01,2025-09-06,2027-09-06,2026-01-03,1040
BT00351,P012,W01,2025-11-07,2027-11-07,2026-02-14,1040
BT00352,P012,W01,2025-12-23,2027-12-23,2026-04-01,1040
BT00353,P012,W01,2026-01-30,2028-01-30,2026-05-17,1040
BT00354,P012,W01,2026-04-25,2028-04-24,2026-07-04,1040
BT00355,P012,W01,2026-05-03,2028-05-02,2026-08-16,1040
BT00356,P012,W02,2025-07-05,2027-07-05,2025-10-01,900
BT00357,P012,W02,2025-09-09,2027-09-09,2025-11-02,1130
BT00358,P012,W02,2025-09-16,2027-09-16,2025-12-23,1130
BT00359,P012,W02,2025-11-21,2027-11-21,2026-02-14,1130
BT00360,P012,W02,2025-12-25,2027-12-25,2026-03-25,1130
BT00361,P012,W02,2026-02-08,2028-02-08,2026-05-10,1130
BT00362,P012,W02,2026-04-09,2028-04-08,2026-06-26,1130
BT00363,P012,W02,2026-06-22,2028-06-21,2026-08-10,1130
BT00364,P012,W02,2026-07-06,2028-07-05,2026-09-29,1130
BT00365,P012,W03,2025-07-18,2027-07-18,2025-10-01,690
BT00366,P012,W03,2025-07-07,2027-07-07,2025-10-29,900
BT00367,P012,W03,2025-08-17,2027-08-17,2025-12-15,900
BT00368,P012,W03,2025-12-06,2027-12-06,2026-02-05,900
BT00369,P012,W03,2026-01-02,2028-01-02,2026-03-23,900
BT00370,P012,W03,2026-01-21,2028-01-21,2026-05-13,900
BT00371,P012,W03,2026-02-22,2028-02-22,2026-06-21,900
BT00372,P012,W03,2026-05-18,2028-05-17,2026-08-06,900
BT00373,P012,W03,2026-07-20,2028-07-19,2026-09-20,900
BT00374,P012,W04,2025-08-05,2027-08-05,2025-10-01,520
BT00375,P012,W04,2025-09-30,2027-09-30,2025-11-05,510
BT00376,P012,W04,2025-09-23,2027-09-23,2025-12-16,510
BT00377,P012,W04,2025-10-16,2027-10-16,2026-01-20,510
BT00378,P012,W04,2025-10-24,2027-10-24,2026-02-18,510
BT00379,P012,W04,2026-01-12,2028-01-12,2026-03-23,510
BT00380,P012,W04,2026-03-15,2028-03-14,2026-05-04,510
BT00381,P012,W04,2026-03-08,2028-03-07,2026-06-11,510
BT00382,P012,W04,2026-04-10,2028-04-09,2026-07-15,510
BT00383,P012,W04,2026-06-26,2028-06-25,2026-08-14,510
BT00384,P012,W04,2026-05-24,2028-05-23,2026-09-19,510
BT00385,P013,W01,2025-07-01,2027-07-01,2025-10-01,650
BT00386,P013,W01,2025-07-29,2027-07-29,2025-11-08,730
BT00387,P013,W01,2025-10-26,2027-10-26,2025-12-22,730
BT00388,P013,W01,2025-11-17,2027-11-17,2026-02-08,730
BT00389,P013,W01,2026-01-28,2028-01-28,2026-03-28,730
BT00390,P013,W01,2026-04-08,2028-04-07,2026-05-16,730
BT00391,P013,W01,2026-03-03,2028-03-02,2026-07-01,730
BT00392,P013,W01,2026-04-28,2028-04-27,2026-08-18,730
BT00393,P013,W02,2025-08-27,2027-08-27,2025-10-01,760
BT00394,P013,W02,2025-09-13,2027-09-13,2025-11-09,790
BT00395,P013,W02,2025-11-15,2027-11-15,2025-12-27,790
BT00396,P013,W02,2025-10-18,2027-10-18,2026-02-14,790
BT00397,P013,W02,2026-02-21,2028-02-21,2026-04-11,790
BT00398,P013,W02,2026-04-13,2028-04-12,2026-06-03,790
BT00399,P013,W02,2026-06-11,2028-06-10,2026-07-13,790
BT00400,P013,W02,2026-06-20,2028-06-19,2026-08-31,790
BT00401,P013,W03,2025-08-16,2027-08-16,2025-10-01,530
BT00402,P013,W03,2025-07-11,2027-07-11,2025-11-04,630
BT00403,P013,W03,2025-11-08,2027-11-08,2025-12-22,630
BT00404,P013,W03,2025-11-18,2027-11-18,2026-02-11,630
BT00405,P013,W03,2025-12-27,2027-12-27,2026-03-30,630
BT00406,P013,W03,2026-03-26,2028-03-25,2026-05-16,630
BT00407,P013,W03,2026-05-26,2028-05-25,2026-07-02,630
BT00408,P013,W03,2026-04-25,2028-04-24,2026-08-14,630
BT00409,P013,W04,2025-08-21,2027-08-21,2025-10-01,370
BT00410,P013,W04,2025-07-19,2027-07-19,2025-11-02,360
BT00411,P013,W04,2025-11-17,2027-11-17,2025-12-20,360
BT00412,P013,W04,2025-12-10,2027-12-10,2026-01-25,360
BT00413,P013,W04,2025-11-17,2027-11-17,2026-03-10,360
BT00414,P013,W04,2025-12-12,2027-12-12,2026-04-08,360
BT00415,P013,W04,2026-02-21,2028-02-21,2026-05-20,360
BT00416,P013,W04,2026-03-23,2028-03-22,2026-06-26,360
BT00417,P013,W04,2026-05-30,2028-05-29,2026-07-31,360
BT00418,P013,W04,2026-05-23,2028-05-22,2026-09-09,360
BT00419,P014,W01,2025-06-07,2026-11-29,2025-10-01,330
BT00420,P014,W01,2025-09-26,2027-03-20,2025-10-29,800
BT00421,P014,W01,2025-09-26,2027-03-20,2025-12-27,800
BT00422,P014,W01,2026-01-18,2027-07-12,2026-02-24,800
BT00423,P014,W01,2026-01-14,2027-07-08,2026-05-13,800
BT00424,P014,W01,2026-07-14,2028-01-05,2026-08-17,800
BT00425,P014,W02,2025-08-23,2027-02-14,2025-10-01,400
BT00426,P014,W02,2025-07-22,2027-01-13,2025-10-30,800
BT00427,P014,W02,2025-09-10,2027-03-04,2025-12-26,800
BT00428,P014,W02,2026-01-06,2027-06-30,2026-02-25,800
BT00429,P014,W02,2026-01-21,2027-07-15,2026-04-30,800
BT00430,P014,W02,2026-05-03,2027-10-25,2026-07-17,800
BT00431,P014,W02,2026-08-17,2028-02-08,2026-09-30,800
BT00432,P014,W03,2025-06-08,2026-11-30,2025-10-01,340
BT00433,P014,W03,2025-07-22,2027-01-13,2025-11-04,800
BT00434,P014,W03,2025-11-02,2027-04-26,2026-01-10,800
BT00435,P014,W03,2026-02-06,2027-07-31,2026-03-26,800
BT00436,P014,W03,2026-04-08,2027-09-30,2026-07-02,800
BT00437,P014,W04,2025-06-12,2026-12-04,2025-10-01,340
BT00438,P014,W04,2025-08-20,2027-02-11,2025-11-16,800
BT00439,P014,W04,2025-12-23,2027-06-16,2026-02-05,800
BT00440,P014,W04,2026-02-20,2027-08-14,2026-05-17,800
BT00441,P014,W04,2026-06-22,2027-12-14,2026-09-19,800
BT00442,P015,W01,2025-08-02,2027-08-02,2025-10-01,280
BT00443,P015,W01,2025-07-12,2027-07-12,2025-11-08,600
BT00444,P015,W01,2025-12-02,2027-12-02,2026-02-16,600
BT00445,P015,W01,2026-02-26,2028-02-26,2026-05-13,600
BT00446,P015,W01,2026-06-06,2028-06-05,2026-08-14,600
BT00447,P015,W02,2025-06-22,2027-06-22,2025-10-01,260
BT00448,P015,W02,2025-08-17,2027-08-17,2025-10-30,600
BT00449,P015,W02,2025-12-06,2027-12-06,2026-01-22,600
BT00450,P015,W02,2026-01-11,2028-01-11,2026-04-15,600
BT00451,P015,W02,2026-04-21,2028-04-20,2026-06-26,600
BT00452,P015,W02,2026-07-09,2028-07-08,2026-09-24,600
BT00453,P015,W03,2025-08-28,2027-08-28,2025-10-01,240
BT00454,P015,W03,2025-08-06,2027-08-06,2025-11-16,600
BT00455,P015,W03,2025-12-15,2027-12-15,2026-02-24,600
BT00456,P015,W03,2026-03-03,2028-03-02,2026-05-31,600
BT00457,P015,W03,2026-07-24,2028-07-23,2026-09-14,600
BT00458,P015,W04,2025-06-18,2027-06-18,2025-10-01,230
BT00459,P015,W04,2025-09-08,2027-09-08,2025-11-14,600
BT00460,P015,W04,2026-02-15,2028-02-15,2026-03-20,600
BT00461,P015,W04,2026-06-08,2028-06-07,2026-07-15,600
BT00462,P016,W01,2025-08-25,2027-08-25,2025-10-01,250
BT00463,P016,W01,2025-07-31,2027-07-31,2025-10-28,700
BT00464,P016,W01,2025-11-24,2027-11-24,2026-01-25,700
BT00465,P016,W01,2026-01-19,2028-01-19,2026-04-26,700
BT00466,P016,W01,2026-04-28,2028-04-27,2026-08-04,700
BT00467,P016,W02,2025-08-03,2027-08-03,2025-10-01,340
BT00468,P016,W02,2025-08-21,2027-08-21,2025-11-03,700
BT00469,P016,W02,2025-10-05,2027-10-05,2026-01-30,700
BT00470,P016,W02,2026-03-07,2028-03-06,2026-04-25,700
BT00471,P016,W02,2026-03-26,2028-03-25,2026-07-20,700
BT00472,P016,W03,2025-07-15,2027-07-15,2025-10-01,280
BT00473,P016,W03,2025-09-22,2027-09-22,2025-11-06,700
BT00474,P016,W03,2025-12-30,2027-12-30,2026-02-19,700
BT00475,P016,W03,2026-04-01,2028-03-31,2026-05-31,700
BT00476,P016,W03,2026-08-03,2028-08-02,2026-09-14,700
BT00477,P016,W04,2025-06-11,2027-06-11,2025-10-01,190
BT00478,P016,W04,2025-07-27,2027-07-27,2025-11-15,700
BT00479,P016,W04,2025-11-28,2027-11-28,2026-03-26,700
BT00480,P016,W04,2026-05-01,2028-04-30,2026-07-20,700
BT00481,P017,W01,2025-08-08,2026-02-04,2025-10-01,100
BT00482,P017,W01,2025-10-16,2026-04-14,2025-11-15,500
BT00483,P017,W01,2026-03-19,2026-09-15,2026-04-24,500
BT00484,P017,W01,2026-05-25,2026-11-21,2026-08-01,480
BT00485,P017,W02,2025-06-16,2025-12-13,2025-10-01,90
BT00486,P017,W02,2025-08-14,2026-02-10,2025-11-09,500
BT00487,P017,W02,2025-12-19,2026-06-17,2026-02-20,500
BT00488,P017,W02,2026-03-21,2026-09-17,2026-06-30,500
BT00489,P017,W02,2026-06-16,2026-12-13,2026-09-23,380
BT00490,P017,W02,2026-07-15,2027-01-11,2026-09-29,500
BT00491,P017,W03,2025-07-22,2026-01-18,2025-10-01,80
BT00492,P017,W03,2025-07-12,2026-01-08,2025-11-06,500
BT00493,P017,W03,2025-10-01,2026-03-30,2026-01-28,500
BT00494,P017,W03,2026-02-10,2026-08-09,2026-04-12,500
BT00495,P017,W03,2026-06-05,2026-12-02,2026-07-31,400
BT00496,P017,W04,2025-08-17,2026-02-13,2025-10-01,60
BT00497,P017,W04,2025-09-16,2026-03-15,2025-11-02,500
BT00498,P017,W04,2026-01-15,2026-07-14,2026-04-11,500
BT00499,P017,W04,2026-05-09,2026-11-05,2026-06-29,420
BT00500,P018,W01,2025-08-09,2027-02-05,2025-10-01,390
BT00501,P018,W01,2025-09-11,2027-03-10,2025-10-30,520
BT00502,P018,W01,2025-11-11,2027-05-10,2025-12-14,520
BT00503,P018,W01,2025-10-09,2027-04-07,2026-02-04,520
BT00504,P018,W01,2026-01-11,2027-07-10,2026-03-20,520
BT00505,P018,W01,2026-03-27,2027-09-23,2026-05-02,520
BT00506,P018,W01,2026-04-01,2027-09-28,2026-06-17,520
BT00507,P018,W01,2026-05-28,2027-11-24,2026-08-10,520
BT00508,P018,W01,2026-07-01,2027-12-28,2026-09-26,520
BT00509,P018,W02,2025-06-28,2026-12-25,2025-10-01,470
BT00510,P018,W02,2025-09-05,2027-03-04,2025-11-06,570
BT00511,P018,W02,2025-10-14,2027-04-12,2025-12-24,570
BT00512,P018,W02,2025-10-14,2027-04-12,2026-02-08,570
BT00513,P018,W02,2026-01-04,2027-07-03,2026-03-28,570
BT00514,P018,W02,2026-04-03,2027-09-30,2026-05-13,570
BT00515,P018,W02,2026-05-04,2027-10-31,2026-06-30,570
BT00516,P018,W02,2026-07-17,2028-01-13,2026-08-23,570
BT00517,P018,W03,2025-09-01,2027-02-28,2025-10-01,420
BT00518,P018,W03,2025-08-30,2027-02-26,2025-11-07,450
BT00519,P018,W03,2025-11-02,2027-05-01,2025-12-30,450
BT00520,P018,W03,2025-10-18,2027-04-16,2026-02-15,450
BT00521,P018,W03,2026-02-09,2027-08-08,2026-04-01,450
BT00522,P018,W03,2026-01-24,2027-07-23,2026-05-18,450
BT00523,P018,W03,2026-05-14,2027-11-10,2026-06-28,450
BT00524,P018,W03,2026-05-26,2027-11-22,2026-08-17,450
BT00525,P018,W04,2025-06-30,2026-12-27,2025-10-01,310
BT00526,P018,W04,2025-10-09,2027-04-07,2025-11-17,260
BT00527,P018,W04,2025-10-24,2027-04-22,2025-12-22,260
BT00528,P018,W04,2025-11-15,2027-05-14,2026-01-25,260
BT00529,P018,W04,2025-12-13,2027-06-11,2026-03-01,260
BT00530,P018,W04,2026-02-07,2027-08-06,2026-04-14,260
BT00531,P018,W04,2026-03-27,2027-09-23,2026-05-23,260
BT00532,P018,W04,2026-05-27,2027-11-23,2026-06-29,260
BT00533,P018,W04,2026-05-23,2027-11-19,2026-07-31,260
BT00534,P018,W04,2026-07-22,2028-01-18,2026-09-04,260
BT00535,P019,W01,2025-06-05,2026-08-29,2025-10-01,100
BT00536,P019,W01,2025-09-21,2026-12-15,2025-11-08,300
BT00537,P019,W01,2025-08-23,2026-11-16,2025-12-01,1070
BT00538,P019,W02,2025-06-28,2026-09-21,2025-10-01,90
BT00539,P019,W02,2025-09-23,2026-12-17,2025-10-31,300
BT00540,P019,W02,2025-08-20,2026-11-13,2025-12-02,1160
BT00541,P019,W03,2025-07-30,2026-10-23,2025-10-01,70
BT00542,P019,W03,2025-07-05,2026-09-28,2025-10-28,300
BT00543,P019,W03,2025-08-28,2026-11-21,2025-11-25,940
BT00544,P019,W04,2025-08-01,2026-10-25,2025-10-01,70
BT00545,P019,W04,2025-10-24,2027-01-17,2025-11-29,300
BT00546,P019,W04,2025-09-25,2026-12-19,2025-12-08,760
BT00547,P020,W01,2025-07-09,2026-07-09,2025-10-01,290
BT00548,P020,W01,2025-09-02,2026-09-02,2025-11-08,1400
BT00549,P020,W01,2025-11-20,2026-11-20,2026-02-26,1400
BT00550,P020,W01,2026-05-17,2027-05-17,2026-08-12,1400
BT00551,P020,W02,2025-06-18,2026-06-18,2025-10-01,370
BT00552,P020,W02,2025-07-09,2026-07-09,2025-10-28,1400
BT00553,P020,W02,2025-11-07,2026-11-07,2026-02-14,1400
BT00554,P020,W02,2026-03-16,2027-03-16,2026-07-07,1400
BT00555,P020,W03,2025-07-28,2026-07-28,2025-10-01,350
BT00556,P020,W03,2025-08-14,2026-08-14,2025-11-10,1400
BT00557,P020,W03,2025-12-26,2026-12-26,2026-03-26,1400
BT00558,P020,W04,2025-06-27,2026-06-27,2025-10-01,240
BT00559,P020,W04,2025-07-27,2026-07-27,2025-11-06,1400
BT00560,P020,W04,2026-01-19,2027-01-19,2026-04-23,1400
